"alcohol","annotation_id","annotator","created_at","emotion","id","lead_time","multiple_people","text","updated_at"
"Not_detected",49,"4","2024-05-22T08:54:04.495664Z","Happiness",1,16.844,"No"," Какие вкусные артишоки! Только не говори, что в них я завтрашнего дня на диете.","2024-05-22T08:54:04.495687Z"
"Not_detected",50,"4","2024-05-22T08:54:15.459730Z","Happiness",2,10.388,"Yes"," СМЕХ","2024-05-22T08:54:15.459755Z"
"Not_detected",51,"4","2024-05-22T09:06:49.827630Z","Happiness",3,30.177,"Yes"," СМЕХ","2024-05-22T09:06:49.827653Z"
"Not_detected",52,"4","2024-05-22T09:07:08.470246Z","Happiness",4,12.948,"Yes"," Привет! Привет, я Сэнди. Сэнди, привет! Входи.","2024-05-22T09:07:08.470275Z"
"Low",53,"4","2024-05-22T09:07:59.570759Z","Anger",5,49.825,"No"," ЭТОЙ ЗВЕРЮГЕ ВХОТ!","2024-05-22T09:07:59.570780Z"
"Not_detected",54,"4","2024-05-22T09:08:11.680788Z","Neutral",6,10.203,"No"," Так ты приветствуешь своих гостей.","2024-05-22T09:08:11.680814Z"
"Not_detected",55,"4","2024-05-22T09:09:07.150407Z","Neutral",7,53.033,"No"," А если бы я явился сюда с девой?","2024-05-22T09:09:07.150426Z"
"Not_detected",56,"4","2024-05-22T09:12:09.010701Z","Neutral",8,179.783,"No"," Вряд ли твоя девушка стала бы писать на мой кофейный стол.","2024-05-22T09:12:09.010725Z"
"Not_detected",57,"4","2024-05-22T09:12:40.138702Z","Neutral",9,29.889,"No"," Слушай, ему самому больше всех было за это стыдно.","2024-05-22T09:12:40.138721Z"
"Not_detected",58,"4","2024-05-22T09:12:49.651102Z","Neutral",10,7.96,"No"," И он едва набрался смелости вернуться сюда.","2024-05-22T09:12:49.651123Z"
"Not_detected",59,"4","2024-05-22T09:13:01.759066Z","Happiness",11,9.868,"No"," Славно ничего не было!","2024-05-22T09:13:01.759089Z"
"Not_detected",60,"4","2024-05-22T09:13:11.583235Z","Fear",12,9.129,"No"," Ладно, ладно.","2024-05-22T09:13:11.583260Z"
"Not_detected",61,"4","2024-05-22T09:13:22.316849Z","Happiness",13,8.617,"No"," Спасибо! Вперед, Марс!","2024-05-22T09:13:22.316878Z"
"Not_detected",62,"4","2024-05-22T09:13:31.884748Z","Happiness",14,7.257,"Yes"," АПЛОДИСМЕНТЫ","2024-05-22T09:13:31.884778Z"
"Not_detected",63,"4","2024-05-22T09:13:47.121686Z","Anger",15,13.188,"No"," Этот гад опоздал на самолёт","2024-05-22T09:13:47.121706Z"
"Not_detected",64,"4","2024-05-22T09:14:58.390336Z","Fear",16,68.372,"No"," И у тебя взорвалось лицо!","2024-05-22T09:14:58.390365Z"
"Not_detected",65,"4","2024-05-22T09:15:04.938688Z","Anger",17,5.09,"No"," Это жирная блондинистая корова!","2024-05-22T09:15:04.938708Z"
"Not_detected",66,"4","2024-05-22T09:15:12.502487Z","Neutral",18,5.315,"No"," начинает на меня...","2024-05-22T09:15:12.502507Z"
"Not_detected",67,"4","2024-05-22T09:15:19.577067Z","Neutral",19,5.318,"No"," Малана, первая эта...","2024-05-22T09:15:19.577087Z"
"Not_detected",68,"4","2024-05-22T09:15:26.772494Z","Neutral",20,5.145,"No"," как она начала отта...","2024-05-22T09:15:26.772520Z"
"Not_detected",69,"4","2024-05-22T09:15:37.577031Z","Neutral",21,7.978,"No"," Тут подъехало еще три так...","2024-05-22T09:15:37.577049Z"
"Not_detected",70,"4","2024-05-22T09:16:35.990873Z","Surprise",22,53.474,"No"," И только я хотела сесть в машину!","2024-05-22T09:16:35.990893Z"
"Not_detected",71,"4","2024-05-22T09:16:46.224519Z","Anger",23,7.167,"No"," Эта тётка сбила меня с ног!","2024-05-22T09:16:46.224572Z"
"Not_detected",72,"4","2024-05-22T09:16:56.466150Z","Anger",49,6.328,"No"," Всё, пошли! Вытри! Жопу пошли на х**й домой!","2024-05-22T09:16:56.466180Z"
"Not_detected",73,"4","2024-05-22T09:17:11.827034Z","Neutral",50,12.154,"No"," Ж 256","2024-05-22T09:17:11.827073Z"
"Not_detected",74,"4","2024-05-22T09:18:20.451446Z","Anger",51,64.152,"No"," Я тебя нос потом разобью.","2024-05-22T09:18:20.451473Z"
"Not_detected",75,"4","2024-05-22T09:18:28.565539Z","Neutral",52,6.239,"No"," А мы попросим у соров добавить","2024-05-22T09:18:28.565565Z"
"Not_detected",103,"4","2024-05-22T12:34:54.579237Z","Anger",53,23.664,"No"," Я тебя просила, света!","2024-05-22T12:34:54.579260Z"
"Not_detected",76,"1","2024-05-22T09:58:45.397567Z","Neutral",54,20.055,"No"," А вы меня и трогайте, зачем ты?","2024-05-22T09:58:45.397591Z"
"Not_detected",77,"1","2024-05-22T10:02:24.150416Z","{""choices"":[""Disgust"",""Neutral""]}",55,274.225,"Yes"," А ты можешь поехать в Киев, там страдать не будет. Зачем ты его позоришь? Там тебе никто не знает.","2024-05-22T10:03:25.813116Z"
"Not_detected",78,"1","2024-05-22T10:04:26.421671Z","Neutral",56,56.309,"No"," Правильно? Потому что ты его...","2024-05-22T10:04:26.421691Z"
"Not_detected",104,"4","2024-05-22T12:36:01.574880Z","Anger",57,66.337,"No"," А вправь, Натолик, за тебя повинен стрелать. А он потом выставляет! А свет! А потом я на страно!","2024-05-22T12:36:01.574917Z"
"Not_detected",106,"4","2024-05-22T12:37:13.717309Z","Anger",58,71.593,"No"," Молчи, потом только молчать. А чего ты молчишь? А то ты самовиновата.","2024-05-22T12:37:13.717331Z"
"Not_detected",107,"4","2024-05-22T12:37:28.464049Z","Neutral",59,14.068,"No"," Я тебе разобью сейчас телефон.","2024-05-22T12:37:28.464071Z"
"Not_detected",108,"4","2024-05-22T12:37:35.530303Z","{""choices"":[""Fear"",""Neutral""]}",60,6.507,"No"," I'll need it for you I'll need it for you","2024-05-22T12:37:35.530332Z"
"Not_detected",110,"4","2024-05-22T12:37:41.844060Z","Neutral",61,5.743,"No"," Когда-нибудь наш разы...","2024-05-22T12:37:41.844083Z"
"Not_detected",115,"4","2024-05-22T12:39:56.902986Z","{""choices"":[""Sadness"",""Anger""]}",62,134.484,"No"," Ты не так поняла!","2024-05-22T12:39:56.903007Z"
"Not_detected",116,"4","2024-05-22T12:40:03.067726Z","Disgust",63,5.548,"No"," Ооо, НЕ!","2024-05-22T12:40:03.067756Z"
"Not_detected",117,"4","2024-05-22T12:40:35.017653Z","{""choices"":[""Disgust"",""Anger""]}",64,31.4,"No"," Слушай, Дженис, хватит!","2024-05-22T12:40:35.017674Z"
"Not_detected",118,"4","2024-05-22T12:40:41.013436Z","Neutral",65,5.474,"No"," Я это распечатаю побольше и напишу снова.","2024-05-22T12:40:41.013461Z"
"Not_detected",119,"4","2024-05-22T12:40:47.495694Z","Sadness",66,5.79,"No"," Мне сказали, гроб будет...","2024-05-22T12:40:47.495717Z"
"Not_detected",121,"4","2024-05-22T12:40:52.713815Z","Neutral",67,4.616,"No"," Редактор субтитров А.Синецкая Корректор А.Егорова","2024-05-22T12:40:52.713838Z"
"Not_detected",122,"4","2024-05-22T12:40:58.238997Z","Happiness",68,4.929,"Yes"," СМЕХ","2024-05-22T12:40:58.239030Z"
"Not_detected",123,"4","2024-05-22T12:41:07.486735Z","Happiness",69,8.702,"No"," Привет, Бобби! Как дела, дружище?","2024-05-22T12:41:07.486762Z"
"Not_detected",124,"4","2024-05-22T12:41:13.414164Z","Happiness",70,5.415,"Yes"," Народ! Бобби Хохмач пришёл! Привет, Бобби! Наконец-то! Привет! Привет!","2024-05-22T12:41:13.414189Z"
"Not_detected",125,"4","2024-05-22T12:41:18.234570Z","Happiness",71,3.951,"Yes"," СМЕХ","2024-05-22T12:41:18.234601Z"
"Not_detected",127,"4","2024-05-22T12:43:19.033114Z","Neutral",72,120.067,"No"," Улыбнись, тебя снимает камера Джени.","2024-05-22T12:43:19.033138Z"
"Not_detected",129,"4","2024-05-22T12:43:28.615805Z","Sadness",73,9.03,"No"," Хотелось бы меня спрятаться. Но ты меня нашла.","2024-05-22T12:43:28.615828Z"
"Not_detected",130,"4","2024-05-22T12:43:36.780710Z","{""choices"":[""Happiness"",""Surprise""]}",74,7.528,"No"," Вот ты где!","2024-05-22T12:43:36.780733Z"
"Not_detected",131,"4","2024-05-22T12:43:43.524978Z","Sadness",75,5.946,"No"," Я не жду, что он весь вечер со мной будет сидеть, но хоть бы глянуть...","2024-05-22T12:43:43.525008Z"
"Not_detected",132,"4","2024-05-22T12:43:51.804227Z","Neutral",76,7.781,"No"," Ага, ты...","2024-05-22T12:43:51.804252Z"
"Not_detected",133,"4","2024-05-22T12:43:57.646250Z","Neutral",77,5.331,"No"," возможно впервые в жизни мысли на разделы","2024-05-22T12:43:57.646275Z"
"Not_detected",135,"4","2024-05-22T12:44:02.730034Z","Neutral",78,4.423,"No"," Редактор субтитров А.Синецкая Корректор А.Егорова","2024-05-22T12:44:02.730061Z"
"Not_detected",136,"4","2024-05-22T12:44:10.400617Z","Happiness",79,7.21,"Yes"," СМЕХ","2024-05-22T12:44:10.400641Z"
"Not_detected",137,"4","2024-05-22T12:44:15.586082Z","Neutral",80,4.638,"No"," А мой соус гостям нравится?","2024-05-22T12:44:15.586108Z"
"Not_detected",140,"4","2024-05-22T12:44:36.490863Z","{""choices"":[""Sadness"",""Anger"",""Surprise""]}",81,20.264,"No"," Риском порезала!","2024-05-22T12:44:36.490883Z"
"Not_detected",557,"4","2024-05-23T09:09:34.320895Z","Happiness",430,6.067,"No"," Здравствуйте, друзья!","2024-05-23T09:09:34.320922Z"
"Not_detected",558,"4","2024-05-23T09:17:04.911724Z","Anger",431,12.712,"No"," У меня вообще в жопу не упирался.","2024-05-23T09:17:04.911753Z"
"Not_detected",559,"4","2024-05-23T09:17:12.205038Z","Happiness",432,6.653,"No"," Спасибо.","2024-05-23T09:17:12.205071Z"
"Not_detected",560,"4","2024-05-23T09:17:18.817526Z","Neutral",433,6.079,"No"," вы с кем там? с Лехой что ли подошли? мы с Лехой приезжали","2024-05-23T09:17:18.817552Z"
"Not_detected",561,"4","2024-05-23T09:17:23.098760Z","Neutral",434,3.695,"No"," Не, вы пишите.","2024-05-23T09:17:23.098793Z"
"Not_detected",562,"4","2024-05-23T09:17:28.163884Z","Neutral",435,4.415,"No"," Пустились. А ну, тоже.","2024-05-23T09:17:28.163917Z"
"Not_detected",563,"4","2024-05-23T09:17:35.327092Z","Neutral",436,6.505,"No"," Я видел, кто там работает, но не договор.","2024-05-23T09:17:35.327123Z"
"Not_detected",564,"4","2024-05-23T09:17:41.688735Z","Neutral",437,5.741,"No"," 53-й академической без команды не отправляйте!","2024-05-23T09:17:41.688755Z"
"Not_detected",565,"4","2024-05-23T09:17:46.482107Z","Neutral",438,4.049,"No"," 53 маршрут 53 с академическими командами не отправляйте!","2024-05-23T09:17:46.482141Z"
"Medium",566,"4","2024-05-23T09:18:00.212172Z","Neutral",439,13.036,"No"," Шеми, fifty pod 8 машинистoperем 6 Imagination","2024-05-23T09:18:00.212198Z"
"Not_detected",567,"4","2024-05-23T09:18:11.055623Z","{""choices"":[""Anger"",""Neutral""]}",440,10.12,"No"," Высаживай! Пока не ходят туда-сюда, не то заходит, то выходит! Двери-то открытые!","2024-05-23T09:18:11.055653Z"
"Not_detected",568,"4","2024-05-23T09:18:20.181085Z","Neutral",441,8.446,"No"," Норкебург, с класса 61 выставлены пассажиры.","2024-05-23T09:18:20.181113Z"
"Not_detected",569,"4","2024-05-23T09:18:29.318403Z","Neutral",442,8.443,"No"," Первый маршрут следить в пространстве без команды не отправляйтесь.","2024-05-23T09:18:29.318443Z"
"Not_detected",570,"4","2024-05-23T09:18:34.974411Z","Neutral",443,4.89,"No"," Первый маршрут с Ленинского проспекта, без команды не отправляйтесь.","2024-05-23T09:18:34.974445Z"
"Not_detected",571,"4","2024-05-23T09:18:44.057291Z","Neutral",444,8.334,"No"," Аппетитет.","2024-05-23T09:18:44.057315Z"
"Not_detected",572,"4","2024-05-23T09:18:51.226879Z","Neutral",445,6.388,"No"," 56-й","2024-05-23T09:18:51.226901Z"
"Medium",573,"4","2024-05-23T09:24:27.090440Z","Neutral",446,50.167,"No"," Редируем депут. Сейчас снимаю 5-6.","2024-05-23T09:24:27.090468Z"
"Not_detected",574,"4","2024-05-23T09:24:33.970763Z","Neutral",447,6.284,"No"," Берсиколь без команды не отправляйте!","2024-05-23T09:24:33.970792Z"
"Not_detected",575,"4","2024-05-23T09:24:38.070544Z","Neutral",448,3.596,"No"," 61","2024-05-23T09:24:38.070568Z"
"Not_detected",576,"4","2024-05-23T09:24:43.111684Z","Neutral",449,4.448,"No"," Вы машинист или машинист-инструктор?","2024-05-23T09:24:43.111708Z"
"Not_detected",577,"4","2024-05-23T09:24:48.591666Z","Neutral",450,4.84,"No"," 61-й на связи, 61-й!","2024-05-23T09:24:48.591690Z"
"Not_detected",578,"4","2024-05-23T09:24:53.338894Z","Neutral",451,4.187,"No"," 61","2024-05-23T09:24:53.338922Z"
"Not_detected",579,"4","2024-05-23T09:24:57.931380Z","Neutral",452,3.924,"No"," 61 маршрут","2024-05-23T09:24:57.931410Z"
"Not_detected",580,"4","2024-05-23T09:25:01.938797Z","Neutral",453,3.346,"No"," 60, первый маршрут","2024-05-23T09:25:01.938830Z"
"Not_detected",581,"4","2024-05-23T09:25:15.137191Z","{""choices"":[""Fear"",""Anger"",""Neutral""]}",454,12.367,"No"," Вы машинист или машинист-инструктор? Сатин!","2024-05-23T09:25:15.137214Z"
"Not_detected",582,"4","2024-05-23T09:25:19.132899Z","Neutral",455,3.418,"No"," СПС-1 на связи.","2024-05-23T09:25:19.132927Z"
"Not_detected",583,"4","2024-05-23T09:25:24.950259Z","Neutral",456,4.964,"No"," Это инструктор или машинист?","2024-05-23T09:25:24.950285Z"
"Not_detected",584,"4","2024-05-23T09:48:31.457516Z","Neutral",457,1385.54,"No"," 61 маршрут","2024-05-23T09:48:31.457539Z"
"Not_detected",585,"4","2024-05-23T09:48:35.463576Z","Neutral",458,3.433,"No"," 61 маршрут","2024-05-23T09:48:35.463601Z"
"Not_detected",602,"4","2024-05-23T11:22:41.219454Z","Neutral",459,7.48,"No"," 61-й","2024-05-23T11:22:41.219485Z"
"Not_detected",586,"1","2024-05-23T11:17:39.939226Z","Neutral",460,11.708,"No"," 60-й атеромашин, 61-й","2024-05-23T11:17:39.939246Z"
"Not_detected",587,"1","2024-05-23T11:17:51.145395Z","Neutral",461,10.62,"No"," Делайте по первой пути 1, составляйте резерву на перегон. Следующий, шестой, прибывает под оборот.","2024-05-23T11:17:51.145425Z"
"Not_detected",588,"1","2024-05-23T11:17:56.763988Z","Neutral",462,5.155,"No"," в сторону Третьяковской.","2024-05-23T11:17:56.764011Z"
"Not_detected",589,"1","2024-05-23T11:18:08.744759Z","Neutral",463,11.423,"No"," Отрывочка включите на первый путь свет.","2024-05-23T11:18:08.744797Z"
"Not_detected",590,"1","2024-05-23T11:18:25.425249Z","Neutral",464,16.19,"No"," Такая машина вызывает.","2024-05-23T11:18:25.425271Z"
"Not_detected",591,"1","2024-05-23T11:18:32.306995Z","Neutral",465,6.384,"No"," Диспетчер, у меня первый пункт.","2024-05-23T11:18:32.307024Z"
"Not_detected",592,"1","2024-05-23T11:18:43.167346Z","Neutral",466,10.275,"No"," Серёжки, 23-й, прибывающие на 1-й штуке, до бород.","2024-05-23T11:18:43.167376Z"
"Not_detected",593,"1","2024-05-23T11:18:59.085953Z","Neutral",467,15.449,"No"," Третьяковская, по второму пути вы сажите в пиканты, вам сажаются в параллель, саппровляйте резерву на перегон, следующий без команды не отправляйте.","2024-05-23T11:18:59.085973Z"
"Not_detected",597,"1","2024-05-23T11:19:21.967864Z","Neutral",471,9.901,"No"," 50-й письмо маршрут 50-й письмо маршрут, слушаю ВСА 2-й, резервы в другом","2024-05-23T11:19:21.967902Z"
"Not_detected",598,"1","2024-05-23T11:19:26.472651Z","Neutral",472,3.968,"No"," 57-й маршрут","2024-05-23T11:19:26.472686Z"
"Not_detected",599,"1","2024-05-23T11:21:16.680806Z","{""choices"":[""Anger"",""Neutral""]}",473,109.711,"No"," Регистрация в машину, дайте!","2024-05-23T11:21:16.680845Z"
"Not_detected",600,"1","2024-05-23T11:22:23.368270Z","{""choices"":[""Anger"",""Neutral""]}",474,66.134,"No"," Спи!","2024-05-23T11:22:23.368292Z"
"Not_detected",601,"1","2024-05-23T11:22:38.422718Z","{""choices"":[""Anger"",""Neutral""]}",475,14.61,"No"," Машинист-инструктор, машинисты возвращайте на 55-й маршрут, а сами заведете 61-й маршрут на 3-й путь, понятно?","2024-05-23T11:22:38.422738Z"
"Not_detected",603,"1","2024-05-23T11:22:49.106760Z","Neutral",476,10.191,"No"," Машинист инструктор Сафин, нахожусь на станции Октябрьской, с кольцевой линией я пришел.","2024-05-23T11:22:49.106785Z"
"Not_detected",604,"1","2024-05-23T11:22:55.241431Z","Neutral",477,5.651,"No"," Вечер","2024-05-23T11:22:55.241452Z"
"Not_detected",605,"1","2024-05-23T11:23:10.104356Z","Neutral",478,14.365,"No"," Белее 62 маршрут отправляйте, 41 маршрут машинист на составе","2024-05-23T11:23:10.104384Z"
"Not_detected",609,"4","2024-05-23T11:23:52.804489Z","Neutral",480,4.809,"No"," воду","2024-05-23T11:23:52.804525Z"
"Not_detected",610,"4","2024-05-23T11:24:05.927336Z","Neutral",481,12.483,"No"," Идет на второй, правильный, собеседующий смех. Скажите, первого маршрута сажается, абразоюзные пассажиры, или нет?","2024-05-23T11:24:05.927370Z"
"Not_detected",611,"4","2024-05-23T11:24:12.527042Z","Neutral",482,6.096,"No"," Диспетчер, в машине с 55 повторяем информацию, он заходит, заезжает на 3-й.","2024-05-23T11:24:12.527073Z"
"Not_detected",612,"4","2024-05-23T11:24:26.069449Z","{""choices"":[""Anger"",""Neutral""]}",483,12.981,"No"," На перегонку!","2024-05-23T11:24:26.069473Z"
"Not_detected",613,"4","2024-05-23T11:24:31.384574Z","Neutral",484,4.614,"No"," За то, что следует левую.","2024-05-23T11:24:31.384598Z"
"Not_detected",614,"4","2024-05-23T11:24:37.104928Z","Neutral",485,5.237,"No"," 44-й маршрут, высаживайте пассажиром, следуйте резервам на перегон.","2024-05-23T11:24:37.104955Z"
"Not_detected",615,"4","2024-05-23T11:26:46.865021Z","Neutral",486,129.126,"No"," В liar","2024-05-23T11:26:46.865054Z"
"Not_detected",616,"4","2024-05-23T11:26:51.369707Z","Neutral",487,3.83,"No"," 44","2024-05-23T11:26:51.369735Z"
"Not_detected",617,"4","2024-05-23T11:26:59.772377Z","Neutral",488,7.754,"No"," Ну понятно, саптап, наверное, надеюсь, будет стоять на третьем пути к этому времени. Саптап, вы можете посмотреть. 46-й машин, 4-4.","2024-05-23T11:26:59.772406Z"
"Not_detected",618,"4","2024-05-23T11:27:06.223548Z","Neutral",489,5.799,"No"," Можете, инструктор Зарочинцев с первого маршрута, следует октябрь.","2024-05-23T11:27:06.223580Z"
"High",620,"4","2024-05-23T11:27:17.381399Z","Neutral",491,10.516,"No"," Аааааааацччт gonna go home","2024-05-23T11:27:33.580179Z"
"Not_detected",621,"4","2024-05-23T11:27:44.510013Z","Neutral",492,18.252,"No"," Белерова по первому пути, агентство Машу без команды не отправлять.","2024-05-23T11:27:44.510036Z"
"Not_detected",622,"4","2024-05-23T11:27:53.794160Z","{""choices"":[""Fear"",""Anger""]}",493,8.597,"No"," ВЕРОНОШУТ!","2024-05-23T11:27:53.794180Z"
"Not_detected",624,"4","2024-05-23T11:28:06.950344Z","Neutral",495,8.885,"No"," Синейская проспекта отправился!","2024-05-23T11:28:06.950367Z"
"Not_detected",625,"4","2024-05-23T11:28:55.808821Z","Happiness",496,48.227,"No"," Единственный шут!","2024-05-23T11:28:55.808848Z"
"Not_detected",626,"4","2024-05-23T11:29:09.371180Z","Neutral",497,12.043,"No"," Первый! Первый!","2024-05-23T11:29:09.371200Z"
"Not_detected",627,"4","2024-05-23T11:29:15.851327Z","Neutral",498,5.818,"No"," Первый маршрут, первый!","2024-05-23T11:29:15.851350Z"
"Not_detected",628,"4","2024-05-23T11:29:22.402891Z","Neutral",499,5.881,"No"," Первый маршрут на Новых Черёмышках резервом до профсоюзной. На профсоюзной сажайте пассажиров. Вы поняли?","2024-05-23T11:29:22.402917Z"
"Not_detected",629,"4","2024-05-23T11:31:06.114758Z","Neutral",500,102.939,"No"," Все понятно, диспетчер.","2024-05-23T11:31:06.114790Z"
"Not_detected",630,"4","2024-05-23T11:31:14.108699Z","Neutral",501,7.154,"No"," Так, 61 маршрут стоит на втором пути без машиниста. Его нужно убрать на 3-й станционной Октябрьской. Вы меня поняли?","2024-05-23T11:31:14.108730Z"
"Not_detected",631,"4","2024-05-23T11:31:26.721465Z","{""choices"":[""Sadness"",""Surprise"",""Neutral""]}",502,11.637,"No"," Высаживаю пассажиров на Октябрьской, затормаживаю и иду на второй путь, встречаю 61 маршрут. А далее не совсем понял.","2024-05-23T11:31:26.721488Z"
"Not_detected",632,"4","2024-05-23T11:31:33.332496Z","Neutral",503,5.785,"No"," Сейчас поберет инструктора с Калужки, дожидать его.","2024-05-23T11:31:33.332530Z"
"Not_detected",633,"4","2024-05-23T11:31:38.678754Z","Neutral",504,4.501,"No"," Слушаю вас.","2024-05-23T11:31:38.678779Z"
"Low",634,"4","2024-05-23T11:31:51.269004Z","Neutral",505,11.969,"No"," Машинистинство на 61 маршруте.","2024-05-23T11:31:51.269033Z"
"Not_detected",635,"4","2024-05-23T11:31:58.051108Z","Neutral",506,5.018,"No"," Понятно.","2024-05-23T11:31:58.051135Z"
"Not_detected",636,"4","2024-05-23T11:32:08.078924Z","Neutral",507,9.329,"No"," На 30-м стану будет самсад.","2024-05-23T11:32:08.078962Z"
"Not_detected",637,"4","2024-05-23T11:45:11.529172Z","Neutral",508,782.528,"No"," Машинец инструктор садил, завел.","2024-05-23T11:45:11.529194Z"
"Not_detected",638,"4","2024-05-23T11:45:16.168145Z","Neutral",509,3.982,"No"," Диспетч. Я диспетч.","2024-05-23T11:45:16.168171Z"
"Not_detected",639,"4","2024-05-23T11:45:21.282208Z","Neutral",510,4.407,"No"," Выдавайте, я же отдал команду.","2024-05-23T11:45:21.282240Z"
"Not_detected",640,"4","2024-05-23T11:45:25.071901Z","Neutral",511,3.133,"No"," Понятно.","2024-05-23T11:45:25.071927Z"
"Not_detected",641,"4","2024-05-23T11:46:09.002390Z","Neutral",512,43.158,"No"," Вечер 31 минута 61-го на третьем станционе. 55-й отправился тоже 31-20.","2024-05-23T11:46:09.002424Z"
"Not_detected",642,"4","2024-05-23T11:46:14.123552Z","Neutral",513,4.484,"No"," Вот и все.","2024-05-23T11:46:14.123579Z"
"Not_detected",643,"4","2024-05-23T11:46:21.086796Z","Neutral",514,6.213,"No"," Резервный перегон в сторону Третьяковской.","2024-05-23T11:46:21.086822Z"
"High",644,"4","2024-05-23T11:58:26.397906Z","Neutral",515,724.69,"No"," В binder 0ści","2024-05-23T11:58:26.397934Z"
"Not_detected",645,"4","2024-05-23T11:58:31.208107Z","Neutral",516,4.193,"No"," Пусть высадили.","2024-05-23T11:58:31.208140Z"
"Not_detected",646,"4","2024-05-23T11:58:36.431713Z","Neutral",517,4.704,"No"," Диспетчер 45-му, достите маршрут следователя.","2024-05-23T11:58:36.431736Z"
"Not_detected",647,"4","2024-05-23T11:58:47.198435Z","Neutral",518,10.125,"No"," На вторую выдавайся прям сейчас.","2024-05-23T11:58:47.198455Z"
"Not_detected",648,"4","2024-05-23T11:58:56.111283Z","Neutral",519,8.002,"No"," Понятно. Черёмышки, два цимвола задавайте на второй путь.","2024-05-23T11:58:56.111307Z"
"Not_detected",649,"4","2024-05-23T12:02:56.424063Z","Neutral",520,239.447,"No"," Понятно, нет ли людей, будем въезжать внимательно, при остановке на станции доложим.","2024-05-23T12:02:56.424085Z"
"Not_detected",650,"4","2024-05-23T12:03:03.068826Z","Neutral",521,5.993,"No"," Если покажут, что людей нет ли на перегоне.","2024-05-23T12:03:03.068857Z"
"Not_detected",651,"4","2024-05-23T12:03:11.888553Z","Neutral",522,8.073,"No"," Ни от ли чего диспетчер не понял вас на станции.","2024-05-23T12:03:11.888576Z"
"Not_detected",652,"4","2024-05-23T12:05:41.817051Z","Neutral",523,149.345,"No"," Слушаю, диспетчер, 32 маршрут.","2024-05-23T12:05:41.817075Z"
"Not_detected",653,"4","2024-05-23T12:05:45.396552Z","Neutral",524,3.002,"No"," 32 маршрут","2024-05-23T12:05:45.396577Z"
"Not_detected",654,"4","2024-05-23T12:05:50.434556Z","Neutral",525,4.437,"No"," Дай второй маршрут.","2024-05-23T12:05:50.434598Z"
"",655,"4","2024-05-23T12:05:59.542109Z","Neutral",526,8.44,"No"," Три второго маршрута.","2024-05-23T12:05:59.542140Z"
"Not_detected",656,"4","2024-05-23T12:07:20.418537Z","Neutral",527,80.117,"No"," 3, 2 маршрут, 3, 2","2024-05-23T12:07:20.418563Z"
"Not_detected",657,"4","2024-05-23T12:07:27.896993Z","Neutral",528,6.856,"No"," Актеров к освещению включите в сторону Третьегорской.","2024-05-23T12:07:27.897019Z"
"Not_detected",658,"4","2024-05-23T12:07:32.202429Z","Neutral",529,3.589,"No"," Тридцать второго маршрута.","2024-05-23T12:07:32.202464Z"
"Not_detected",659,"4","2024-05-23T12:07:36.376804Z","Neutral",530,3.607,"No"," 3-2 машин, 3-2","2024-05-23T12:07:36.376828Z"
"Not_detected",661,"4","2024-05-23T12:07:48.511342Z","{""choices"":[""Anger"",""Neutral""]}",532,8.708,"No"," Отправляйтесь в Сухаревское тридцатьдец, отправляйтесь!","2024-05-23T12:07:48.511365Z"
"Not_detected",662,"4","2024-05-23T12:07:55.131602Z","{""choices"":[""Anger"",""Neutral""]}",533,5.771,"No"," 49-й до Белее, восправляйтесь!","2024-05-23T12:07:55.131622Z"
"Not_detected",663,"4","2024-05-23T12:07:59.440900Z","Neutral",534,3.685,"No"," 49 маршрут, справляйтесь за станцию Беляева. 49 до Беляева, справляйтесь.","2024-05-23T12:07:59.440926Z"
"Not_detected",664,"4","2024-05-23T12:08:05.403769Z","Sadness",535,5.102,"No"," ВСХЛИПЫВАЕТ","2024-05-23T12:08:05.403809Z"
"Not_detected",665,"4","2024-05-23T12:08:15.318080Z","Neutral",536,8.993,"No"," Режиссер на перегон, отправляйте в поставыдский пассажиров.","2024-05-23T12:08:15.318110Z"
"Not_detected",666,"4","2024-05-23T12:08:22.743809Z","Surprise",537,6.691,"No"," Диспетчер, не понял вас, повторите еще раз пожалуйста.","2024-05-23T12:08:22.743831Z"
"Not_detected",667,"4","2024-05-23T12:08:28.484186Z","Neutral",538,4.151,"No"," Вы должны встать в середину перегон.","2024-05-23T12:08:28.484210Z"
"Not_detected",668,"4","2024-05-23T12:09:49.317421Z","Neutral",539,79.829,"No"," Станция Китай, город, второй поезд.","2024-05-23T12:09:49.317451Z"
"Not_detected",669,"4","2024-05-23T12:09:53.499073Z","Neutral",540,3.583,"No"," Где он сейчас находится?","2024-05-23T12:09:53.499118Z"
"Not_detected",670,"4","2024-05-23T12:09:58.954794Z","Neutral",541,4.889,"No"," Какой маршрут?","2024-05-23T12:09:58.954840Z"
"Not_detected",671,"4","2024-05-23T12:10:05.213620Z","Neutral",542,5.522,"No"," Диспетчер Третьяковская, Калининска, на перегонах простаёт путь в СД. Пожалуйста, маршрут следовай.","2024-05-23T12:10:05.213640Z"
"Not_detected",672,"4","2024-05-23T12:10:10.830736Z","Neutral",543,4.08,"No"," 41 маршрут","2024-05-23T12:10:10.830757Z"
"Not_detected",673,"4","2024-05-23T12:10:17.367530Z","Neutral",544,5.885,"No"," 41 маршрут","2024-05-23T12:10:17.367558Z"
"Not_detected",674,"4","2024-05-23T12:10:28.001292Z","Neutral",545,10.059,"No"," Проверить.","2024-05-23T12:10:28.001315Z"
"",675,"4","2024-05-23T12:12:54.151155Z","Neutral",546,145.474,"No"," Medic eWallp1. costing","2024-05-23T12:12:54.151179Z"
"Not_detected",676,"4","2024-05-23T12:13:09.078862Z","Neutral",547,14.207,"No"," 29-й отправляйтесь Алексеевске до выставки.","2024-05-23T12:13:09.078889Z"
"Not_detected",677,"4","2024-05-23T12:13:14.656988Z","Neutral",548,5.066,"No"," Скур Д, Т-1, поприклассить сигнал проезда. Отправляйте.","2024-05-23T12:13:14.657018Z"
"Not_detected",678,"4","2024-05-23T12:13:18.386573Z","Neutral",549,3.191,"No"," на четвертом оборотном, на третьем...","2024-05-23T12:13:18.386615Z"
"Not_detected",679,"4","2024-05-23T12:13:24.132524Z","Neutral",550,5.1,"No"," Высказать, вы как вы убрали фотоаппарат?","2024-05-23T12:13:24.132549Z"
"Not_detected",680,"4","2024-05-23T12:14:09.261872Z","Neutral",551,44.513,"No"," Зай сигнал, сейчас дверь откроют.","2024-05-23T12:14:09.261896Z"
"Not_detected",681,"4","2024-05-23T12:14:32.264012Z","Neutral",552,22.36,"No"," Дайте ли мне пригласить сигнал о ситафорте или устное распоряжение на проездку.","2024-05-23T12:14:32.264036Z"
"Medium",682,"4","2024-05-23T12:15:18.964547Z","Neutral",553,27.087,"No"," плюс, вторая минусы, красные клапанки надеты Без пищи Открывайте, я без пищи","2024-05-23T12:15:18.964572Z"
"Not_detected",683,"4","2024-05-23T12:15:38.023171Z","Neutral",554,18.477,"No"," Понятно, маршрут готов, по ПСУ, по ДП, пойдет 3-я...","2024-05-23T12:15:38.023203Z"
"Not_detected",684,"4","2024-05-23T12:15:44.732750Z","Neutral",555,5.896,"No"," Верно, Машу подскажите, откроете поезд.","2024-05-23T12:15:44.732777Z"
"Not_detected",685,"4","2024-05-23T12:15:55.596758Z","Neutral",556,10.245,"No"," Октябрьская поняла, диспетчер, 55-й по первому сообще отправной машинист-инструктор заводит 61-й на 3-й.","2024-05-23T12:15:55.596794Z"
"Not_detected",686,"4","2024-05-23T12:16:23.544896Z","Neutral",557,27.27,"No"," 39-й Сухаревской без команды не отправляйте. 39-й Сухаревской без команды не отправляйте. Слышу.","2024-05-23T12:16:23.544917Z"
"Not_detected",687,"4","2024-05-23T12:16:31.089143Z","Neutral",558,6.503,"No"," 3923, в станцию Сухаря, с комиссомара не отправляйтесь.","2024-05-23T12:16:31.093957Z"
"Not_detected",688,"4","2024-05-23T12:16:45.885235Z","Sadness",559,11.458,"No"," плохо прям","2024-05-23T12:16:45.885266Z"
"Not_detected",689,"4","2024-05-23T12:17:17.976716Z","{""choices"":[""Anger"",""Neutral""]}",560,31.352,"No"," Пашечкин, протектируй, прямо сейчас берегись! Обидел!","2024-05-23T12:17:17.976746Z"
"",690,"4","2024-05-23T12:18:16.735598Z","Neutral",561,38.091,"No"," Простех мира, 10 маршрут, берите сядьку. За 887, 39 маршрут.","2024-05-23T12:18:16.735620Z"
"Not_detected",691,"4","2024-05-23T12:27:24.188673Z","Neutral",562,546.371,"No"," И 45-й узор с розом, произведение резервного трибунка, в следующую команду не отправляйте.","2024-05-23T12:27:24.188694Z"
"Not_detected",692,"4","2024-05-23T12:27:31.122213Z","{""choices"":[""Anger"",""Neutral""]}",563,6.315,"No"," Китай город!","2024-05-23T12:27:31.122241Z"
"",693,"4","2024-05-23T12:35:28.687042Z","Neutral",564,475.961,"No"," 45 маршрут","2024-05-23T12:35:28.687071Z"
"Not_detected",694,"4","2024-05-23T12:35:33.125442Z","Neutral",565,3.786,"No"," 45-й маршрут, 4-5","2024-05-23T12:35:33.125471Z"
"Not_detected",695,"4","2024-05-23T12:35:36.812362Z","Neutral",566,3.051,"No"," Шестой","2024-05-23T12:35:36.812384Z"
"",696,"4","2024-05-23T12:35:40.278945Z","Neutral",567,2.744,"No"," Шестой маршрут","2024-05-23T12:35:40.278970Z"
"Not_detected",697,"4","2024-05-23T12:35:44.502958Z","Neutral",568,3.599,"No"," Шестомашу шесть нот.","2024-05-23T12:35:44.502979Z"
"Not_detected",698,"4","2024-05-23T12:35:51.661983Z","Neutral",569,6.398,"No"," Взглянув из первой... ...на вашу, на первом пути, вторую, будем брать под оборот.","2024-05-23T12:35:51.662017Z"
"Not_detected",699,"4","2024-05-23T12:35:59.225961Z","",570,6.667,"No"," Шестой маршрут","2024-05-23T12:35:59.225988Z"
"",700,"4","2024-05-23T12:36:03.297680Z","Neutral",571,3.419,"No"," Шестой маршрут","2024-05-23T12:36:03.297704Z"
"Not_detected",701,"4","2024-05-23T12:36:08.263803Z","Neutral",572,4.476,"No"," Шестой маршрут","2024-05-23T12:36:08.263827Z"
"Not_detected",702,"4","2024-05-23T12:36:14.902793Z","{""choices"":[""Anger"",""Neutral""]}",573,5.986,"No"," Шестой маршрут, шестой!","2024-05-23T12:36:14.902820Z"
"Not_detected",703,"4","2024-05-23T12:36:20.232394Z","Neutral",574,4.387,"No"," Понятно. Сейчас это здравие до Хрустоюзны. И 30-й прибывающий будет в Райске Думороз.","2024-05-23T12:36:20.232423Z"
"Not_detected",704,"4","2024-05-23T12:39:30.612561Z","Neutral",575,189.574,"No"," Верно, мы что-нибудь не сменялись?","2024-05-23T12:39:30.612583Z"
"Not_detected",705,"4","2024-05-23T12:39:46.731276Z","Happiness",576,15.412,"No"," Череночки вы за всем вытаживаете?","2024-05-23T12:39:46.731298Z"
"Not_detected",706,"4","2024-05-23T12:39:51.589268Z","Neutral",577,4.131,"No"," Продолжение следует...","2024-05-23T12:39:51.589295Z"
"Not_detected",707,"4","2024-05-23T12:39:55.756068Z","Neutral",578,4.9719999999999995,"No"," Вечер.","2024-05-23T12:40:01.168844Z"
"Not_detected",708,"4","2024-05-23T12:40:07.453556Z","Neutral",579,4.456,"No"," Октябрьская, 876-й путь.","2024-05-23T12:40:07.453576Z"
"Not_detected",709,"4","2024-05-23T12:40:15.555068Z","{""choices"":[""Surprise"",""Neutral""]}",580,7.554,"No"," Второй, до конца не въехал, не знаю в чем дело, не доехал, так и двери не открывают.","2024-05-23T12:40:15.555091Z"
"Not_detected",710,"4","2024-05-23T12:40:20.450629Z","Neutral",581,4.343,"No"," Шейтер первый маска.","2024-05-23T12:40:20.450652Z"
"Not_detected",711,"4","2024-05-23T12:40:37.991703Z","Neutral",582,16.936,"No"," Наверное.","2024-05-23T12:40:37.991733Z"
"Not_detected",712,"4","2024-05-23T12:40:49.190803Z","{""choices"":[""Surprise"",""Neutral""]}",583,8.325,"No"," Да, и сейчас не доехал и объезжал со скоростью 5 км на станцию.","2024-05-23T12:40:49.190831Z"
"Not_detected",713,"4","2024-05-23T12:41:04.872971Z","Neutral",584,14.253,"No"," 23 маршрут, 23, Сенецкая проспекта, без команды не отправляться.","2024-05-23T12:41:04.873001Z"
"Not_detected",714,"4","2024-05-23T12:41:10.197066Z","Neutral",585,4.663,"No"," 23-23 с Ленинского проспекта без команды не отправляются.","2024-05-23T12:41:10.197094Z"
"Not_detected",715,"4","2024-05-23T12:43:11.790606Z","Neutral",586,120.904,"No"," 61, а тут 61.","2024-05-23T12:43:11.790627Z"
"",716,"4","2024-05-23T12:43:19.940905Z","Neutral",587,7.456,"No"," 61-й.","2024-05-23T12:43:19.940933Z"
"Not_detected",717,"4","2024-05-23T12:43:23.625028Z","Neutral",588,2.898,"No"," 61-й.","2024-05-23T12:43:23.625049Z"
"Not_detected",718,"4","2024-05-23T12:43:28.114392Z","Neutral",589,3.524,"No"," 57-й, Маша, с Третьяковской без команды не отправляться.","2024-05-23T12:43:28.114415Z"
"Not_detected",719,"4","2024-05-23T12:43:34.913255Z","Neutral",590,4.115,"No"," 67-й, Стретяковская, без команды не отправляться.","2024-05-23T12:43:34.913279Z"
"Not_detected",720,"4","2024-05-23T12:43:39.444643Z","Neutral",591,3.898,"No"," Питер, 61-й, понял.","2024-05-23T12:43:39.444667Z"
"Not_detected",721,"4","2024-05-23T12:43:46.596775Z","{""choices"":[""Anger"",""Surprise"",""Neutral""]}",592,6.228,"No"," 61-й, что вы поняли? Почему вы въезжали со скорости 5 км на станцию? Что у вас?","2024-05-23T12:43:46.596794Z"
"Not_detected",722,"4","2024-05-23T12:44:06.773960Z","{""choices"":[""Surprise"",""Neutral""]}",593,16.352,"Yes"," Диспетчер, у меня все в порядке, машина исправна. А почему у вас увеличенный интервал?","2024-05-23T12:44:06.773986Z"
"Not_detected",723,"4","2024-05-23T12:44:19.513972Z","Neutral",594,12.097,"No"," Диспетчер, мне кажется, у него неадекватное поведение, он не доехал до станции, последняя дверь в туннеле у него открытая.","2024-05-23T12:44:19.513993Z"
"Not_detected",725,"4","2024-05-23T12:44:39.115011Z","{""choices"":[""Fear"",""Anger"",""Neutral""]}",596,7.46,"No"," Высаживайте пассажиров! Высаживайте, 61-й!","2024-05-23T12:44:39.115033Z"
"Not_detected",726,"4","2024-05-23T12:44:43.899135Z","Neutral",597,4.276,"No"," 23-й на Офигенеческой.","2024-05-23T12:44:43.899160Z"
"Not_detected",727,"4","2024-05-23T12:44:49.644960Z","Neutral",598,5.16,"No"," Диспетчер. Я диспетчер.","2024-05-23T12:44:49.644987Z"
"Not_detected",728,"4","2024-05-23T12:45:33.943916Z","Neutral",599,43.551,"No"," 24 маршрут следует резервом до бабушки. Исправлен. Так, 32 маршрут, не приближайтесь к Октябрьской. 32.","2024-05-23T12:45:33.943945Z"
"Not_detected",729,"4","2024-05-23T12:45:47.205494Z","Neutral",600,8.213,"No"," 61 марта, просаживайте!","2024-05-23T12:45:47.205519Z"
"Not_detected",730,"4","2024-05-23T12:45:56.406635Z","Neutral",601,8.649,"No"," 61 маршрут, высаживайте пассажиров. Из Октябрьской стоим, около светофора УК-400.","2024-05-23T12:45:56.406658Z"
"Not_detected",733,"4","2024-05-23T12:47:40.017511Z","{""choices"":[""Fear"",""Anger""]}",602,38.079,"No"," Стойте, не приближайтесь!","2024-05-23T12:47:40.017547Z"
"Not_detected",731,"4","2024-05-23T12:46:31.563690Z","{""choices"":[""Fear"",""Anger"",""Neutral""]}",602,34.523,"No"," Стойте, не приближайтесь!","2024-05-23T12:46:31.563729Z"
"Not_detected",732,"4","2024-05-23T12:46:35.836088Z","Neutral",603,8.093,"No"," Стоим, не приближаемся.","2024-05-23T12:47:04.211847Z"
"Not_detected",734,"4","2024-05-23T12:48:16.136400Z","Neutral",604,27.94,"No"," Октябрьская, высаживайте 61-го пассажира.","2024-05-23T12:48:16.136421Z"
"Not_detected",735,"4","2024-05-23T12:48:21.258768Z","Neutral",605,4.325,"No"," 23 марта, 23 марта, академическая дискоманда, не отправляться.","2024-05-23T12:48:21.258794Z"
"Not_detected",736,"4","2024-05-23T12:48:27.570350Z","Neutral",606,3.812,"No"," 23-23, с академической без команды не отправляться.","2024-05-23T12:48:27.570377Z"
"Not_detected",737,"4","2024-05-23T12:48:32.326433Z","Neutral",607,4.23,"No"," Дисклеймер","2024-05-23T12:48:32.326463Z"
"Not_detected",738,"4","2024-05-23T12:48:37.677414Z","Neutral",608,4.882,"No"," Я репетирую.","2024-05-23T12:48:37.677435Z"
"Not_detected",739,"4","2024-05-23T12:50:21.926751Z","Neutral",609,103.684,"No"," Вечер, 61-й маршрут, машинист. Машина исправна.","2024-05-23T12:50:21.926774Z"
"",740,"4","2024-05-23T12:50:28.222323Z","Neutral",610,5.651,"No"," Значит, 61 маршрут, вы сейчас полностью...","2024-05-23T12:50:28.222349Z"
"Not_detected",741,"4","2024-05-23T12:50:35.003285Z","Neutral",611,6.14,"No"," Вы сейчас дверь открыли, у вас пассажиры выходят, заходят.","2024-05-23T12:50:35.003305Z"
"Not_detected",742,"4","2024-05-23T12:50:41.379211Z","Neutral",612,5.853,"No"," 61-й.","2024-05-23T12:50:41.379239Z"
"Not_detected",743,"4","2024-05-23T12:50:45.564987Z","Neutral",613,3.323,"No"," 61","2024-05-23T12:50:45.565017Z"
"Not_detected",744,"4","2024-05-23T12:50:49.645543Z","Neutral",614,3.488,"No"," Диспетчер, 61 маршрут, машина исправна.","2024-05-23T12:50:49.645575Z"
"Not_detected",745,"4","2024-05-23T12:50:57.236276Z","Neutral",615,7.023,"No"," Вечером я не заехал на станцию.","2024-05-23T12:50:57.236303Z"
"Not_detected",746,"4","2024-05-23T12:51:10.716286Z","{""choices"":[""Fear"",""Neutral""]}",616,12.923,"No"," полулагон, он ведет дверь открытую в полный ряд.","2024-05-23T12:51:10.716329Z"
"Not_detected",747,"4","2024-05-23T12:51:24.744514Z","Neutral",617,9.864,"No"," Саживаем аппетит.","2024-05-23T12:51:24.744538Z"
"Not_detected",748,"4","2024-05-23T12:52:16.929315Z","Neutral",618,50.997,"No"," Я диспетчер вас понял, но машина исправна.","2024-05-23T12:52:16.929347Z"
"Not_detected",749,"4","2024-05-23T12:52:21.377034Z","Neutral",619,3.671,"No"," Проводите.","2024-05-23T12:52:21.377062Z"
"Not_detected",750,"4","2024-05-23T12:58:13.203031Z","Neutral",620,87.055,"No"," что нет невиняемой.","2024-05-23T12:58:13.203055Z"
"Not_detected",751,"4","2024-05-23T12:58:34.076514Z","Neutral",621,20.237,"No"," Понятно, смелее подготовьтесь.","2024-05-23T12:58:34.076546Z"
"Low",752,"4","2024-05-23T12:58:40.517863Z","Neutral",622,5.847,"No"," Смирение на колодце.","2024-05-23T12:58:40.517887Z"
"Not_detected",753,"4","2024-05-23T12:58:46.850092Z","Neutral",623,5.632,"No"," Срочно инструктор, инструктор, пусть выезжает на отчет.","2024-05-23T12:58:46.850124Z"
"Not_detected",754,"4","2024-05-23T13:01:07.434902Z","Neutral",624,139.691,"No"," Диспетчер, он был на 53 маршруте.","2024-05-23T13:01:07.434936Z"
"Not_detected",755,"4","2024-05-23T13:01:11.114188Z","Neutral",625,3.08,"No"," Выезжай, Диспетер.","2024-05-23T13:01:11.114215Z"
"Not_detected",756,"4","2024-05-23T13:01:16.129524Z","Neutral",626,4.205,"No"," Пусть выезжает. Значит, информация, что машинист у вас не имеет.","2024-05-23T13:01:16.129554Z"
"Not_detected",757,"4","2024-05-23T13:01:27.464203Z","{""choices"":[""Sadness"",""Neutral""]}",627,10.676,"No"," Диспетчер Октябрьского, мне нарушил, он продвинулся, освободил стрелку, у меня маршрут не задастся на третьей.","2024-05-23T13:01:27.464228Z"
"Not_detected",758,"4","2024-05-23T13:04:31.208663Z","Neutral",628,182.707,"No"," Понятно, мы же слышали, что он стажирует поезд и будем продвигать его.","2024-05-23T13:04:31.208695Z"
"Not_detected",759,"4","2024-05-23T13:04:37.978227Z","Neutral",629,6.154,"No"," Мы все высадили, он совершенно ничего не понимает. Мы высадили пассажиров.","2024-05-23T13:04:37.978255Z"
"Not_detected",760,"4","2024-05-23T13:04:41.790257Z","Neutral",630,3.305,"No"," 29 маршрут 29.","2024-05-23T13:04:41.790280Z"
"Not_detected",761,"4","2024-05-23T13:04:45.539206Z","Neutral",631,3.085,"No"," 29 марта.","2024-05-23T13:04:45.539230Z"
"Not_detected",762,"4","2024-05-23T13:04:49.945978Z","Neutral",632,3.728,"No"," 29 маршрут.","2024-05-23T13:04:49.946001Z"
"Not_detected",763,"4","2024-05-23T13:04:58.543510Z","Happiness",633,7.918,"No"," Да ладно, я на машу скачу.","2024-05-23T13:04:58.543532Z"
"Not_detected",764,"4","2024-05-23T13:05:07.863156Z","Neutral",634,8.802,"No"," 29,29","2024-05-23T13:05:07.863183Z"
"Not_detected",765,"4","2024-05-23T13:05:12.137339Z","Neutral",635,3.771,"No"," 29 маршрут 2-9.","2024-05-23T13:05:12.137403Z"
"Not_detected",766,"4","2024-05-23T13:05:17.269931Z","Neutral",636,3.599,"No"," 29 маршрут.","2024-05-23T13:05:17.269962Z"
"Not_detected",767,"4","2024-05-23T13:05:24.250970Z","Neutral",637,6.405,"Yes"," Слушаю, 21, 10. Все, свободны.","2024-05-23T13:05:24.250995Z"
"Not_detected",768,"4","2024-05-23T13:05:28.642017Z","Neutral",638,3.619,"No"," Субтитры создавал DimaTorzok","2024-05-23T13:05:28.642051Z"
"Not_detected",769,"4","2024-05-23T13:05:32.633496Z","Neutral",639,3.426,"No"," Свободны!","2024-05-23T13:05:32.633520Z"
"Not_detected",770,"4","2024-05-23T13:05:36.719088Z","Neutral",640,3.449,"No"," 23 марта.","2024-05-23T13:05:36.719113Z"
"Not_detected",771,"4","2024-05-23T13:05:41.658121Z","Neutral",641,4.309,"No"," 23-23, в Росавизму без команды не отправляться.","2024-05-23T13:05:41.658142Z"
"Not_detected",772,"4","2024-05-23T13:05:46.033785Z","Neutral",642,3.803,"No"," 23-й спортсоюзный без команды не отправляться.","2024-05-23T13:05:46.033825Z"
"Not_detected",773,"4","2024-05-23T13:05:50.257094Z","Neutral",643,3.527,"No"," Понял вас, 23-й, с профсоюза без команды не отправляться.","2024-05-23T13:05:50.257118Z"
"Not_detected",774,"4","2024-05-23T13:05:57.332657Z","Neutral",644,3.514,"No"," 45-й с Китай-Города не отправляться!","2024-05-23T13:05:57.332682Z"
"Not_detected",775,"4","2024-05-23T13:07:18.283090Z","Neutral",645,68.369,"No"," 25-й, китай города не отправляться.","2024-05-23T13:07:18.283120Z"
"Not_detected",776,"4","2024-05-23T13:07:25.061086Z","{""choices"":[""Sadness"",""Neutral""]}",646,6.265,"No"," Диспетчер, машинист вышел...","2024-05-23T13:07:25.061106Z"
"Not_detected",777,"4","2024-05-23T13:08:49.259310Z","Neutral",647,83.692,"No"," Диспетчер, только остается подле светофора по АПС.","2024-05-23T13:08:49.259336Z"
"Not_detected",778,"4","2024-05-23T13:08:54.637191Z","Neutral",648,4.826,"No"," Он не продвинулся, тогда ПСД.","2024-05-23T13:08:54.637217Z"
"Not_detected",779,"4","2024-05-23T13:09:04.497602Z","Neutral",649,9.244,"No"," Значит, разделывайте маршрут, значит, если есть возможность, то Сапор бы заехал, да?","2024-05-23T13:09:04.497628Z"
"Not_detected",780,"4","2024-05-23T13:09:16.328381Z","{""choices"":[""Sadness"",""Fear"",""Neutral""]}",650,11.295,"No"," Вед, но у меня только светофор не... Все понятно, мы все сделаем, все готовы, мы пригласим, мы отправляем. Машинист, а где находится?","2024-05-23T13:09:16.328402Z"
"Not_detected",781,"4","2024-05-23T13:13:16.932367Z","Neutral",651,239.677,"No"," Я его не вижу. Дежурный говорит, что по станции идет.","2024-05-23T13:13:16.932398Z"
"Not_detected",782,"4","2024-05-23T13:13:23.113452Z","Neutral",652,5.597,"No"," Понятно, пусть за ним идет следом и говорит пока без команд, чтобы не отправился никуда.","2024-05-23T13:13:23.113491Z"
"Not_detected",783,"4","2024-05-23T13:14:44.987521Z","Neutral",653,80.737,"No"," Пусть пока в другую голову идёт.","2024-05-23T13:14:44.987548Z"
"Not_detected",784,"4","2024-05-23T13:14:51.856496Z","Neutral",654,6.225,"No"," Понятно.","2024-05-23T13:14:51.856523Z"
"Not_detected",785,"4","2024-05-23T13:15:11.407162Z","Neutral",655,18.857,"No"," Опять компонент, значит, по второму пути машина сделает и второй стрелка переводится в минусовое положение.","2024-05-23T13:15:11.407182Z"
"Not_detected",786,"4","2024-05-23T13:15:17.050186Z","Neutral",656,5.085,"No"," Понятно.","2024-05-23T13:15:17.050213Z"
"Not_detected",787,"4","2024-05-23T13:15:27.302833Z","{""choices"":[""Fear"",""Neutral""]}",657,9.63,"No"," Первый маршрут, первый.","2024-05-23T13:15:27.302861Z"
"Not_detected",788,"4","2024-05-23T13:15:31.733455Z","Neutral",658,3.808,"No"," Первый маршрут.","2024-05-23T13:15:31.733492Z"
"Not_detected",789,"4","2024-05-23T13:15:54.175585Z","Neutral",659,21.748,"No"," Серёга Стрелковича на первой подбородке.","2024-05-23T13:15:54.175606Z"
"Not_detected",790,"4","2024-05-23T13:17:02.819883Z","{""choices"":[""Fear"",""Neutral""]}",660,68.102,"No"," Детпечер!","2024-05-23T13:17:02.819906Z"
"Not_detected",791,"4","2024-05-23T13:17:07.196869Z","Neutral",661,3.692,"No"," Машинский инструктор Зароченко с первым маршрутом до Октябрьской следует.","2024-05-23T13:17:07.196897Z"
"Not_detected",792,"4","2024-05-23T13:17:11.749171Z","Neutral",662,3.897,"No"," Все понятно.","2024-05-23T13:17:11.749197Z"
"Not_detected",793,"4","2024-05-23T13:17:18.087014Z","Neutral",663,5.642,"No"," Проспект Мира, прибывающий на второй путь под оборот.","2024-05-23T13:17:18.087036Z"
"Not_detected",794,"4","2024-05-23T13:17:22.301579Z","Neutral",664,3.569,"No"," 10 маршрут, 10 до проспекта подбородок.","2024-05-23T13:17:22.301615Z"
"Not_detected",795,"4","2024-05-23T13:17:26.701227Z","Neutral",665,3.761,"No"," Десятый маршрут до проспекта Подомородка.","2024-05-23T13:17:26.701256Z"
"Not_detected",796,"4","2024-05-23T13:17:33.235418Z","Neutral",666,5.668,"No"," 10 маршрут. Мы шли 61 маршрут. Слушаю вас. Вы патронов высадили, кабину управления поменяли?","2024-05-23T13:17:33.235448Z"
"Not_detected",797,"4","2024-05-23T13:17:40.630688Z","Neutral",667,6.768,"No"," Да, поменял. Пулеметная вышка.","2024-05-23T13:17:40.630708Z"
"",798,"4","2024-05-23T13:27:37.787640Z","Neutral",668,595.889,"No"," В 31-м вы меня поняли?","2024-05-23T13:27:37.787663Z"
"Not_detected",799,"4","2024-05-23T13:27:43.420338Z","Neutral",669,4.892,"No"," 61, 61.","2024-05-23T13:27:43.420366Z"
"Not_detected",800,"4","2024-05-23T13:27:47.864234Z","Neutral",670,3.684,"No"," Октябрьская, ваш маршрут готов на третий?","2024-05-23T13:27:47.864264Z"
"Not_detected",801,"4","2024-05-23T13:27:51.783153Z","Neutral",671,3.42,"No"," Первый диспетчер разрешительный ВПС.","2024-05-23T13:27:51.783183Z"
"Medium",802,"4","2024-05-23T13:28:00.866565Z","Neutral",672,8.466,"No"," И плюс, вторая, минус. У красной колпачки надетая.","2024-05-23T13:28:00.866585Z"
"Not_detected",803,"4","2024-05-23T13:28:05.875448Z","Neutral",673,4.367,"No"," Воспользуйтесь. И машиниста пусть дежурно скажет, сейчас поезд откроет, пусть отправляется. Понятно.","2024-05-23T13:28:05.875469Z"
"Not_detected",804,"4","2024-05-23T13:28:12.643943Z","{""choices"":[""Fear"",""Neutral""]}",674,6.106,"No"," Диспетчер Октябрьская, машиниста с хвостового вагона вытащили в милицию.","2024-05-23T13:28:12.643966Z"
"Not_detected",805,"4","2024-05-23T13:28:20.897114Z","{""choices"":[""Surprise"",""Neutral""]}",675,7.599,"No"," А как ты? Ты сейчас поедешь без машиниста?","2024-05-23T13:28:20.897141Z"
"Not_detected",806,"4","2024-05-23T13:28:26.166996Z","Neutral",676,4.696,"No"," Поезд стоит без машиниста, открытые двери.","2024-05-23T13:28:26.167027Z"
"Not_detected",807,"4","2024-05-23T13:28:59.149854Z","Neutral",677,32.398,"No"," 39,39.","2024-05-23T13:28:59.149876Z"
"Not_detected",808,"4","2024-05-23T13:29:35.902027Z","Neutral",678,35.982,"No"," 39-й маршрут, 39.","2024-05-23T13:29:35.902058Z"
"Not_detected",809,"4","2024-05-23T13:30:07.244729Z","Neutral",679,30.678,"No"," 309-й.","2024-05-23T13:30:07.244756Z"
"Not_detected",810,"4","2024-05-23T13:41:53.275217Z","Neutral",680,705.173,"No"," 309 маршрут.","2024-05-23T13:41:53.275258Z"
"Not_detected",811,"4","2024-05-23T13:41:59.993635Z","Neutral",681,5.88,"No"," 39-й, 39-й.","2024-05-23T13:41:59.993667Z"
"Not_detected",812,"4","2024-05-23T13:42:07.196585Z","",682,3.222,"No"," 309 маршрут 3.9","2024-05-23T13:42:07.196608Z"
"Not_detected",813,"4","2024-05-23T13:42:12.652085Z","Neutral",683,4.861,"No"," Тридцать девятый.","2024-05-23T13:42:12.652118Z"
"Not_detected",814,"4","2024-05-23T13:42:17.435650Z","Neutral",684,4.132,"No"," 39 маршрут.","2024-05-23T13:42:17.435681Z"
"Not_detected",815,"4","2024-05-23T13:42:29.693177Z","Anger",685,11.744,"No"," 39-й прибывающий на все брызгатые эти диспетчеры.","2024-05-23T13:42:29.693200Z"
"Not_detected",816,"4","2024-05-23T13:42:45.215574Z","Neutral",686,14.943,"No"," 39-й, прибывающий на стягость, ответьте диспетчеру.","2024-05-23T13:42:45.215604Z"
"Not_detected",817,"4","2024-05-23T13:42:51.132281Z","Neutral",687,5.263,"No"," Высок прибывающий на второй подубородок.","2024-05-23T13:42:51.132304Z"
"Not_detected",818,"4","2024-05-23T13:43:00.692216Z","Neutral",688,8.732,"No"," Первый подворот.","2024-05-23T13:43:00.692241Z"
"Not_detected",819,"4","2024-05-23T13:43:24.274417Z","Fear",689,21.701,"No"," Диспетчер Октябрьский, у меня милиция под руки держит. 309 маршрут, 3-9.","2024-05-23T13:43:24.274448Z"
"Not_detected",820,"4","2024-05-23T13:43:31.516905Z","{""choices"":[""Fear"",""Anger"",""Neutral""]}",690,6.517,"No"," 309, 39!","2024-05-23T13:43:31.516925Z"
"Not_detected",821,"4","2024-05-23T13:46:25.522678Z","Neutral",691,173.083,"No"," 39 слушает вас, не отвечал, езжал на сам, за все почти","2024-05-23T13:46:25.522701Z"
"Not_detected",822,"4","2024-05-23T13:46:43.169977Z","Neutral",692,12.617,"No"," Мне бы, если пассажир...","2024-05-23T13:46:43.170003Z"
"Not_detected",823,"4","2024-05-23T13:46:47.598299Z","Neutral",693,3.912,"No"," Понятно, 39-го высаживайте.","2024-05-23T13:46:47.598323Z"
"Not_detected",824,"4","2024-05-23T13:46:52.435268Z","Neutral",694,4.354,"No"," 53-53.","2024-05-23T13:46:52.435295Z"
"Not_detected",825,"4","2024-05-23T13:46:57.102962Z","Neutral",695,3.8,"No"," 39-й, вы меня поняли?","2024-05-23T13:46:57.102989Z"
"Not_detected",826,"4","2024-05-23T13:47:02.480598Z","Neutral",696,4.603,"No"," 39-й.","2024-05-23T13:47:02.480631Z"
"Not_detected",827,"4","2024-05-23T13:47:10.327285Z","{""choices"":[""Sadness"",""Neutral""]}",697,6.584,"No"," Не понял, вообще не слышал, что вы мне говорили.","2024-05-23T13:47:10.327317Z"
"Not_detected",828,"4","2024-05-23T13:47:32.059354Z","Neutral",698,16.467,"No"," Вы сажаете пассажиров, затормаживаете состав, переходите на второй путь. На втором пути стоит 61 маршрут, его необходимо завести на третий станционный путь.","2024-05-23T13:47:32.059385Z"
"Not_detected",829,"4","2024-05-23T13:47:36.618488Z","Neutral",699,3.775,"No"," Октябрьский путь дежурный, продублируйте информацию машинисту.","2024-05-23T13:47:36.618516Z"
"Not_detected",830,"4","2024-05-23T13:47:40.513912Z","Neutral",700,3.219,"No"," 39-й, вы меня поняли?","2024-05-23T13:47:40.513932Z"
"Not_detected",831,"4","2024-05-23T13:47:48.442731Z","{""choices"":[""Fear"",""Surprise"",""Neutral""]}",701,7.243,"No"," Я высаживаю, я не знаю кого слушать, тут дежурная пришла высаживать.","2024-05-23T13:47:48.442763Z"
"Not_detected",832,"4","2024-05-23T13:47:53.437902Z","Neutral",702,3.596,"No"," мне говорит","2024-05-23T13:47:53.437932Z"
"Not_detected",833,"4","2024-05-23T13:48:12.811097Z","Neutral",703,17.274,"No"," И то ли у вас воздух.","2024-05-23T13:48:12.811127Z"
"Not_detected",834,"4","2024-05-23T13:48:18.940485Z","{""choices"":[""Sadness"",""Neutral""]}",704,5.482,"No"," Я к тебе, Роман, а ты...","2024-05-23T13:48:18.940540Z"
"Not_detected",835,"4","2024-05-23T13:48:23.039570Z","Neutral",705,3.369,"No"," 61-й надо завести вам лично на третий станционный путь.","2024-05-23T13:48:23.039597Z"
"Not_detected",836,"4","2024-05-23T13:48:27.214813Z","Neutral",706,3.515,"No"," 69, вы меня поняли?","2024-05-23T13:48:27.214838Z"
"Not_detected",837,"4","2024-05-23T13:48:31.210715Z","Neutral",707,3.434,"No"," Медицинский кредит.","2024-05-23T13:48:31.210741Z"
"Not_detected",838,"4","2024-05-23T13:48:35.737293Z","Neutral",708,3.792,"No"," он и затормозил","2024-05-23T13:48:35.737322Z"
"Not_detected",839,"4","2024-05-23T13:48:39.966795Z","Neutral",709,3.587,"No"," Потом перешел...","2024-05-23T13:48:39.966815Z"
"Not_detected",840,"4","2024-05-23T13:48:44.306573Z","{""choices"":[""Surprise"",""Neutral""]}",710,6.679,"No"," На второй путь что ли?","2024-05-23T13:48:51.520309Z"
"Not_detected",841,"4","2024-05-23T13:49:03.081104Z","{""choices"":[""Surprise"",""Neutral""]}",711,10.636,"No"," Что за... 32-я стрелка, я не могу найти, как тебя брызгать.","2024-05-23T13:49:03.081130Z"
"Not_detected",842,"4","2024-05-23T13:49:07.690882Z","Neutral",712,3.846,"No"," 319, отправляйтесь.","2024-05-23T13:49:07.690906Z"
"Not_detected",843,"4","2024-05-23T13:49:18.730196Z","Neutral",713,10.334,"No"," 30 минут, отправляйтесь.","2024-05-23T13:49:18.730218Z"
"Not_detected",844,"4","2024-05-23T13:49:23.852406Z","Neutral",714,4.268,"No"," Белера, 62-й, задержите номера.","2024-05-23T13:49:23.852426Z"
"Not_detected",845,"4","2024-05-23T13:49:29.871726Z","Neutral",715,5.411,"No"," 53-й, 5-3, стойте, не подвигайтесь к нам, Серёжка, остановитесь, вам будут перезавелать маршрут.","2024-05-23T13:49:29.871754Z"
"Not_detected",846,"4","2024-05-23T13:49:34.512163Z","Neutral",716,3.679,"No"," 53-й.","2024-05-23T13:49:34.512189Z"
"Not_detected",847,"4","2024-05-23T13:49:46.592788Z","Neutral",717,8.442,"No"," Так, Серёмочки, первый высадили пассажиров.","2024-05-23T13:49:46.592811Z"
"Not_detected",848,"4","2024-05-23T13:49:51.431952Z","Neutral",718,4.171,"No"," Отправляйте резервы до профсоюзной!","2024-05-23T13:49:51.431977Z"
"Not_detected",849,"4","2024-05-23T13:49:56.290980Z","Neutral",719,4.206,"No"," Субтитры сделал DimaTorzok","2024-05-23T13:49:56.291008Z"
"Not_detected",850,"4","2024-05-23T13:50:00.635891Z","Neutral",720,3.72,"No"," 44-й шагов к обескомандованию отправляется.","2024-05-23T13:50:00.635923Z"
"Not_detected",851,"4","2024-05-23T13:50:05.339501Z","Neutral",721,3.98,"No"," 44-й Шабловской, без команды не отправляться.","2024-05-23T13:50:05.339536Z"
"Not_detected",852,"4","2024-05-23T13:52:49.428043Z","Neutral",722,4.115,"No"," 44-й Шабовской без команды не отправляться. 18-й Сургеневской без команды не отправляться.","2024-05-23T13:52:49.428063Z"
"Not_detected",853,"4","2024-05-23T13:52:59.433491Z","Neutral",723,9.328,"No"," 18-й, с Тургеневской без команды не отправляться.","2024-05-23T13:52:59.433513Z"
"Not_detected",854,"4","2024-05-23T13:53:03.321299Z","Neutral",724,3.087,"No"," 28-й, Сухаревская, без команды не отправляться.","2024-05-23T13:53:03.321327Z"
"Not_detected",855,"4","2024-05-23T13:53:10.487841Z","Neutral",725,6.339,"No"," 28-й, Сухаревска, без команды не отправляться.","2024-05-23T13:53:10.487868Z"
"Not_detected",856,"4","2024-05-23T13:53:16.737189Z","Neutral",726,5.587,"No"," Прости, с ней 59-й без команды не отправляйтесь.","2024-05-23T13:53:16.737224Z"
"Not_detected",857,"4","2024-05-23T13:53:21.119212Z","Neutral",727,3.584,"No"," Так, Октябрьская, следующий, 55 маршрут. Высаживайте пассажиров в выходные и не открывайте.","2024-05-23T13:53:21.119239Z"
"Not_detected",858,"4","2024-05-23T13:53:25.220235Z","Neutral",728,3.533,"No"," Понятно. 55 маршрут, 5-5.","2024-05-23T13:53:25.220273Z"
"Not_detected",859,"4","2024-05-23T13:53:29.639474Z","Neutral",729,3.749,"No"," 55-й.","2024-05-23T13:53:29.639505Z"
"Not_detected",860,"4","2024-05-23T13:53:34.022288Z","Neutral",730,3.687,"No"," 65-й на связи.","2024-05-23T13:53:34.022313Z"
"Not_detected",861,"4","2024-05-23T13:53:37.727314Z","",731,3.206,"No"," Понял, повторите, диспетчер.","2024-05-23T13:53:37.727346Z"
"Not_detected",862,"4","2024-05-23T13:53:41.850236Z","Neutral",732,3.479,"No"," Значит, машинист 55 маршрута, вы прибываете на станцию Октябрьская.","2024-05-23T13:53:41.850262Z"
"Not_detected",863,"4","2024-05-23T13:53:46.123805Z","Neutral",733,3.707,"No"," Пассажиров высаживайте.","2024-05-23T13:53:46.123838Z"
"Not_detected",864,"4","2024-05-23T13:53:56.871743Z","{""choices"":[""Sadness"",""Neutral""]}",734,10.062,"No"," Затормаживаете состав, переходите на второй путь. 61 маршрут стоит на втором пути. В шестую кабину...","2024-05-23T13:53:56.871766Z"
"Not_detected",865,"4","2024-05-23T13:54:06.771652Z","Neutral",735,9.317,"No"," Устал кабины прибудете и включите свечи. Состав станет без машиниста.","2024-05-23T13:54:06.771684Z"
"Not_detected",866,"4","2024-05-23T13:54:12.953984Z","Happiness",736,5.494,"No"," Здравствуйте, друзья!","2024-05-23T13:54:12.954014Z"
"Low",867,"4","2024-05-23T13:54:22.263894Z","Anger",737,8.697,"No"," У меня вообще в жопу не упирался.","2024-05-23T13:54:22.263923Z"
"Not_detected",868,"4","2024-05-23T13:54:27.400250Z","Neutral",738,4.167,"No"," Спасибо.","2024-05-23T13:54:27.400287Z"
"Not_detected",869,"4","2024-05-23T13:55:18.463047Z","Neutral",739,50.392,"Yes"," вы с кем там? с Лехой что ли подошли? мы с Лехой приезжали","2024-05-23T13:55:18.463095Z"
"Not_detected",870,"4","2024-05-23T13:55:22.580291Z","Neutral",740,3.545,"No"," Не, вы пишите.","2024-05-23T13:55:22.580317Z"
"Not_detected",871,"4","2024-05-23T13:55:27.293197Z","Neutral",741,4.137,"No"," Пустились. А ну, тоже.","2024-05-23T13:55:27.293230Z"
"",872,"4","2024-05-23T14:03:51.320061Z","Neutral",742,4.067,"No"," Я видел, кто там работает, но не договор.","2024-05-23T14:03:51.320086Z"
"Not_detected",873,"4","2024-05-23T14:03:58.896464Z","Neutral",812,6.768,"No"," Родился после мать.","2024-05-23T14:03:58.896500Z"
"Not_detected",874,"4","2024-05-23T14:04:22.544443Z","Anger",813,22.899,"No"," А ты-то тут при чём к войне, махуя? Пошёл ты, блядь, а! Да потому что ты дурачок, блядь!","2024-05-23T14:04:22.544466Z"
"Not_detected",875,"4","2024-05-23T14:04:28.634236Z","Anger",814,5.496,"No"," Вот ты дебил, вот ты точно дебил. Я бы своих корней вообще не глумился бы.","2024-05-23T14:04:28.634261Z"
"Not_detected",876,"4","2024-05-23T14:04:35.971361Z","{""choices"":[""Sadness"",""Anger""]}",815,6.577,"No"," Назвали меня Татарином. Не умею я тебя, потому что никто нахуя не назвал. Да пошел ты нахуй.","2024-05-23T14:04:35.971396Z"
"Not_detected",877,"4","2024-05-23T14:04:48.461999Z","Anger",816,11.897,"No"," Да я-то нахуй-то пойду-то. Но я-то тебя уважаю, блядь.","2024-05-23T14:04:48.462025Z"
"Not_detected",878,"4","2024-05-23T14:04:55.536558Z","Anger",817,6.534,"No"," А я почему-то, блядь...","2024-05-23T14:04:55.536597Z"
"Not_detected",879,"4","2024-05-23T14:05:01.261181Z","Sadness",818,5.099,"No"," Татарин нахуй, я, я, я это, русский.","2024-05-23T14:05:01.261212Z"
"Not_detected",880,"4","2024-05-23T14:05:14.247433Z","{""choices"":[""Sadness"",""Anger"",""Surprise""]}",819,12.275,"Yes"," Ты нормальный парень. Я нормальный парень. Ну, тоталит. Так я их не знаю, блядь. Почему я их...","2024-05-23T14:05:14.247453Z"
"Not_detected",881,"4","2024-05-23T14:05:22.688038Z","{""choices"":[""Happiness"",""Anger""]}",820,7.911,"Yes"," все пиздонтс короче пиздонтс да это пиздонтс","2024-05-23T14:05:22.688068Z"
"Not_detected",882,"4","2024-05-23T14:12:16.351805Z","Neutral",821,412.481,"No"," Вполне себе, да. Потому что я, вот когда я приехал в деревню...","2024-05-23T14:12:16.351824Z"
"Not_detected",883,"4","2024-05-23T14:12:24.124778Z","{""choices"":[""Sadness"",""Anger""]}",822,7.086,"No"," Мне сказали, да ты тоталь, какой я нахуй тотален, блин.","2024-05-23T14:12:24.124805Z"
"Not_detected",884,"4","2024-05-23T14:12:30.927820Z","Anger",823,6.219,"No"," Вот какой я тотален!","2024-05-23T14:12:30.927845Z"
"Not_detected",885,"4","2024-05-23T14:12:35.898747Z","Anger",824,4.152,"No"," Я с вами жить, нахуй, полдня не жил, нахуй, даже часу, блядь.","2024-05-23T14:12:35.898773Z"
"Not_detected",886,"4","2024-05-23T14:12:41.954459Z","Anger",825,5.279,"No"," Я тотален, блин.","2024-05-23T14:12:41.954494Z"
"Not_detected",887,"4","2024-05-23T14:12:47.207755Z","Anger",826,4.694,"No"," Вы че, ребята, вы ебанулись совсем нах...","2024-05-23T14:12:47.207778Z"
"Not_detected",888,"4","2024-05-23T14:12:54.645572Z","Neutral",827,6.75,"No"," Даже этот Лихачёв хотел сказать.","2024-05-23T14:12:54.645602Z"
"Not_detected",889,"4","2024-05-23T14:13:08.479525Z","{""choices"":[""Sadness"",""Anger""]}",828,9.743,"No"," Татарин, блядь, ну так он меня раз назвал, блядь, при входе, и все, и затоук нахуй сразу.","2024-05-23T14:13:08.479548Z"
"Not_detected",890,"4","2024-05-23T14:13:12.866081Z","Neutral",829,3.6,"No"," а я для вас","2024-05-23T14:13:12.866101Z"
"Not_detected",891,"4","2024-05-23T14:18:43.611018Z","Neutral",830,329.427,"No"," ты вот своих корнестей","2024-05-23T14:18:43.611040Z"
"Not_detected",892,"4","2024-05-23T14:18:57.219058Z","{""choices"":[""Anger"",""Surprise""]}",831,12.863,"No"," Я не стесняюсь. Ты что, таришь? Я их не знаю, блин.","2024-05-23T14:18:57.219085Z"
"Not_detected",893,"4","2024-05-23T14:19:19.899075Z","{""choices"":[""Anger"",""Surprise""]}",832,21.697,"No"," Я их не знаю, меня с ними никто не знакомил, блядь. Нет, татарами.","2024-05-23T14:19:19.899102Z"
"Not_detected",894,"4","2024-05-23T14:19:25.331908Z","Neutral",833,4.772,"No"," Я вот немец.","2024-05-23T14:19:25.331939Z"
"Not_detected",895,"4","2024-05-23T14:19:29.115377Z","Neutral",834,3.187,"No"," Познакомьтесь.","2024-05-23T14:19:29.115399Z"
"Not_detected",896,"4","2024-05-23T14:19:38.229886Z","{""choices"":[""Anger"",""Neutral""]}",835,8.386,"No"," что-нибудь скажи, ебани.","2024-05-23T14:19:38.229916Z"
"Not_detected",897,"4","2024-05-23T14:19:44.709433Z","Neutral",836,5.913,"No"," Вася, Monte, reste!","2024-05-23T14:19:44.709458Z"
"Not_detected",898,"4","2024-05-23T14:19:49.885741Z","Neutral",837,4.496,"No"," Так, это очередная класса заступки.","2024-05-23T14:19:49.885784Z"
"Not_detected",899,"4","2024-05-23T14:19:55.329668Z","Neutral",838,4.547,"No"," Здравствуйте, дом Каус.","2024-05-23T14:19:55.329711Z"
"Not_detected",900,"4","2024-05-23T14:20:00.538845Z","Neutral",839,4.466,"No"," Это вообще-то не еда. Это как вас зовут?","2024-05-23T14:20:00.538866Z"
"Not_detected",901,"4","2024-05-23T14:20:05.183440Z","Neutral",840,4.041,"No"," Дом хал?","2024-05-23T14:20:05.183461Z"
"Not_detected",902,"4","2024-05-23T14:20:09.334553Z","Neutral",841,3.451,"No"," Еготовка","2024-05-23T14:20:09.334589Z"
"Not_detected",903,"4","2024-05-23T14:20:13.308513Z","Neutral",842,3.313,"No"," Ваши слова.","2024-05-23T14:20:13.308534Z"
"Not_detected",904,"4","2024-05-23T14:20:22.147343Z","Neutral",843,8.103,"No"," Да, как его зовут? Ну, ты мне скажи.","2024-05-23T14:20:22.147374Z"
"Not_detected",905,"4","2024-05-23T14:20:26.350990Z","Neutral",844,3.531,"No"," Максим Шамильевич.","2024-05-23T14:20:26.351021Z"
"Not_detected",906,"4","2024-05-23T14:20:38.340101Z","{""choices"":[""Happiness"",""Anger"",""Surprise""]}",845,9.905,"No"," Кучуков. Татарин! Татарин, блин.","2024-05-23T14:20:38.340126Z"
"Not_detected",907,"4","2024-05-23T14:26:31.792514Z","{""choices"":[""Sadness"",""Neutral""]}",846,350.25399999999996,"No"," Если бы кормили... Да дети был бы немец, ты чё пошвартишь, знаешь как?","2024-05-23T14:26:31.792541Z"
"Not_detected",908,"4","2024-05-23T14:26:39.487163Z","Neutral",847,7.073,"No"," Пошварский.","2024-05-23T14:26:39.487188Z"
"Not_detected",909,"4","2024-05-23T14:26:48.296869Z","{""choices"":[""Anger"",""Neutral""]}",848,8.127,"No"," Да, а швабская чё?","2024-05-23T14:26:48.296890Z"
"Not_detected",910,"4","2024-05-23T14:26:54.357678Z","Neutral",849,5.131,"No"," Что такое пошлацкий?","2024-05-23T14:26:54.357711Z"
"Not_detected",911,"4","2024-05-23T14:26:58.747861Z","Neutral",850,3.688,"No"," Ну шмарцкай, да чё.","2024-05-23T14:26:58.747881Z"
"Not_detected",912,"4","2024-05-23T14:27:22.849240Z","Happiness",851,23.455,"No"," Это ты шварил, это как в нашем Баруси, ебашил. Да, мой сладкий.","2024-05-23T14:27:22.849261Z"
"Not_detected",913,"4","2024-05-23T14:27:27.220093Z","Neutral",852,3.728,"No"," Да, возьму.","2024-05-23T14:27:27.220119Z"
"Not_detected",914,"4","2024-05-23T14:28:13.241511Z","Neutral",853,45.498,"No"," Ну вот и отойдет.","2024-05-23T14:28:13.241535Z"
"Not_detected",915,"4","2024-05-23T14:28:17.723316Z","Neutral",854,3.336,"No"," Кто твоя дочь сейчас?","2024-05-23T14:28:17.723336Z"
"Not_detected",916,"4","2024-05-23T14:28:21.875094Z","Neutral",855,3.522,"No"," Татарка.","2024-05-23T14:28:21.875129Z"
"Not_detected",917,"4","2024-05-23T14:28:32.953010Z","{""choices"":[""Happiness"",""Anger"",""Surprise""]}",856,10.125,"Yes"," Ты чё, ебанулся что-ли? Я в шоке, блин. Ну конечно, немка.","2024-05-23T14:28:32.953033Z"
"Not_detected",918,"4","2024-05-23T14:28:47.253622Z","Neutral",857,13.73,"No","15","2024-05-23T14:28:47.253641Z"
"Not_detected",919,"4","2024-05-23T14:28:52.740926Z","Neutral",858,4.774,"No"," Настя, а кто мама твоя по национальности?","2024-05-23T14:28:52.740954Z"
"Not_detected",920,"4","2024-05-23T14:29:06.148626Z","Anger",859,12.835,"No"," Украинка, блядь. Татарка. Ну, гадай своей матери.","2024-05-23T14:29:06.148648Z"
"Not_detected",921,"4","2024-05-23T14:29:16.788582Z","Neutral",860,7.499,"No"," Кто она по национальности твоя мама?","2024-05-23T14:29:16.788605Z"
"Not_detected",922,"4","2024-05-23T14:29:32.657230Z","Anger",861,15.268,"No"," Ты мне хочешь отменить же, блять, вообще. Ну а чё?","2024-05-23T14:29:32.657250Z"
"Not_detected",923,"4","2024-05-23T14:42:30.524033Z","Anger",862,776.871,"No"," Да пошло туда. Да пошло, бля. Ну чего?","2024-05-23T14:42:30.524063Z"
"Not_detected",924,"4","2024-05-23T14:42:36.051086Z","Neutral",863,4.903,"No"," Потому что корни своим детям не придумали.","2024-05-23T14:42:36.051117Z"
"Not_detected",925,"4","2024-05-23T14:47:42.935728Z","{""choices"":[""Sadness"",""Anger""]}",864,305.888,"No"," Не дают, блин. Кто она такая? Кто я такой?","2024-05-23T14:47:42.935748Z"
"Not_detected",926,"4","2024-05-23T14:47:50.689483Z","Anger",865,7.192,"No"," А вы, блядь, что дует?","2024-05-23T14:47:50.689514Z"
"Not_detected",927,"4","2024-05-23T14:47:57.070830Z","{""choices"":[""Sadness"",""Anger"",""Surprise""]}",866,5.523,"No"," Я татарин, блядь.","2024-05-23T14:47:57.070849Z"
"Not_detected",928,"4","2024-05-23T14:48:02.303954Z","Anger",867,4.534,"No"," Я нормальный русский парень, блять, а?","2024-05-23T14:48:02.303983Z"
"Not_detected",929,"4","2024-05-23T14:48:09.457061Z","Neutral",868,6.348,"No"," Я-то нормальный парень.","2024-05-23T14:48:09.457106Z"
"Not_detected",930,"4","2024-05-23T14:52:23.423489Z","Happiness",869,252.518,"No"," Блузки, вот это да!","2024-05-23T14:52:23.423519Z"
"Not_detected",931,"4","2024-05-23T14:52:27.717976Z","Neutral",870,3.701,"No"," Русский парень.","2024-05-23T14:52:27.717999Z"
"Not_detected",932,"4","2024-05-23T14:53:28.449226Z","{""choices"":[""Sadness"",""Anger""]}",871,36.591,"No"," Я бы ничего тебе... Таталин, блядь, русский...","2024-05-23T14:53:28.449253Z"
"Not_detected",933,"4","2024-05-23T14:53:34.296769Z","Neutral",872,4.391,"No"," Нет там её.","2024-05-23T14:53:34.296814Z"
"Not_detected",934,"4","2024-05-23T15:17:06.305747Z","Anger",873,6.778,"No"," Ну кто у вас хоть раз, вот, типа национальности называет? Жень!","2024-05-23T15:17:06.305772Z"
"Not_detected",935,"4","2024-05-23T15:17:25.570229Z","{""choices"":[""Anger"",""Neutral""]}",915,18.44,"Yes"," Я вас не распознала. Чтобы сфотографироваться для распознавания по лицу, скажите фото. Я уже третий-четвертый сфотографировался.","2024-05-23T15:17:25.570251Z"
"Not_detected",936,"4","2024-05-23T15:17:29.307688Z","Neutral",916,3.185,"No"," Вы меня запомните.","2024-05-23T15:17:29.307712Z"
"Not_detected",937,"4","2024-05-23T15:17:33.543178Z","Neutral",917,3.673,"No"," Продолжение следует...","2024-05-23T15:17:33.543220Z"
"Not_detected",938,"4","2024-05-23T15:17:39.642919Z","{""choices"":[""Anger"",""Surprise""]}",918,5.569,"No"," Вы чё, меня домой не пускаете?","2024-05-23T15:17:39.642946Z"
"Not_detected",939,"4","2024-05-23T15:17:43.471899Z","Neutral",919,3.164,"No"," Я вас не распознала.","2024-05-23T15:17:43.471929Z"
"Not_detected",940,"4","2024-05-23T15:17:48.691315Z","Neutral",920,4.492,"No"," Чтобы сфотографироваться для распознавания по лицу, скажите «фото».","2024-05-23T15:17:48.691335Z"
"Not_detected",941,"4","2024-05-23T15:17:53.083729Z","",921,3.679,"No"," Фото я сфотографировался.","2024-05-23T15:17:53.083755Z"
"Not_detected",942,"4","2024-05-23T15:18:14.788679Z","{""choices"":[""Surprise"",""Neutral""]}",922,7.741,""," Вы что мне могли дать? А?","2024-05-23T15:18:14.788698Z"
"Not_detected",943,"4","2024-05-23T15:18:22.059162Z","Neutral",923,5.266,"No"," Пятьдесят седьмая квартира.","2024-05-23T15:18:22.059184Z"
"Not_detected",944,"4","2024-05-23T15:18:27.289706Z","Neutral",924,4.665,"No"," Четко скажите номер своей квартиры.","2024-05-23T15:18:27.289732Z"
"Medium",945,"4","2024-05-23T15:18:33.011047Z","Neutral",925,5.237,"No"," Бесед с мэн квартиры.","2024-05-23T15:18:33.011077Z"
"Medium",946,"4","2024-05-23T15:18:44.126085Z","{""choices"":[""Anger"",""Neutral""]}",926,10.381,"Yes"," Смотри, бля, что у меня не вовна? Уточняю, квартира номер 50. Ответьте, да или нет? 17-й дом, 57-я.","2024-05-23T15:18:44.126107Z"
"Not_detected",947,"4","2024-05-23T15:18:51.743418Z","Neutral",927,7.072,"No"," квартиры","2024-05-23T15:18:51.743445Z"
"Not_detected",948,"4","2024-05-23T15:18:57.495594Z","Neutral",928,5.168,"No"," Ты чё? Ответьте, да?","2024-05-23T15:18:57.495615Z"
